{
    "train": {
        "accuracy": 9.698736015330496,
        "loss": 0.7289865035956236
    },
    "val": {
        "accuracy": 9.59795744849011,
        "loss": 0.7443202715163398
    },
    "step": 9
}
