step	accuracy
0	0.4431811033133033
1	1.0404507434327668
2	2.3783686526713677
3	3.2487457739204864
4	4.762942855269194
5	5.700059450717952
6	6.879782642729917
7	7.263069015426434
8	8.15943895815031
9	9.698736015330496
